-- MySQL dump 10.13  Distrib 5.1.61, for debian-linux-gnu (i486)
--
-- Host: localhost    Database: 3SPLUS
-- ------------------------------------------------------
-- Server version	5.1.61-0ubuntu0.10.04.1

/*!40101 SET @OLD_CHARACTER_SET_CLIENT=@@CHARACTER_SET_CLIENT */;
/*!40101 SET @OLD_CHARACTER_SET_RESULTS=@@CHARACTER_SET_RESULTS */;
/*!40101 SET @OLD_COLLATION_CONNECTION=@@COLLATION_CONNECTION */;
/*!40101 SET NAMES utf8 */;
/*!40103 SET @OLD_TIME_ZONE=@@TIME_ZONE */;
/*!40103 SET TIME_ZONE='+00:00' */;
/*!40014 SET @OLD_UNIQUE_CHECKS=@@UNIQUE_CHECKS, UNIQUE_CHECKS=0 */;
/*!40014 SET @OLD_FOREIGN_KEY_CHECKS=@@FOREIGN_KEY_CHECKS, FOREIGN_KEY_CHECKS=0 */;
/*!40101 SET @OLD_SQL_MODE=@@SQL_MODE, SQL_MODE='NO_AUTO_VALUE_ON_ZERO' */;
/*!40111 SET @OLD_SQL_NOTES=@@SQL_NOTES, SQL_NOTES=0 */;

--
-- Table structure for table `category`
--

DROP TABLE IF EXISTS `category`;
/*!40101 SET @saved_cs_client     = @@character_set_client */;
/*!40101 SET character_set_client = utf8 */;
CREATE TABLE `category` (
  `id_category` int(11) NOT NULL AUTO_INCREMENT,
  `name` varchar(50) NOT NULL,
  PRIMARY KEY (`id_category`)
) ENGINE=MyISAM AUTO_INCREMENT=7 DEFAULT CHARSET=utf8;
/*!40101 SET character_set_client = @saved_cs_client */;

--
-- Dumping data for table `category`
--

LOCK TABLES `category` WRITE;
/*!40000 ALTER TABLE `category` DISABLE KEYS */;
INSERT INTO `category` VALUES (1,'sandwich chaud'),(2,'viennoiserie Et Chocolat'),(3,'salade'),(4,'glace'),(5,'boisson'),(6,'sandwich froid');
/*!40000 ALTER TABLE `category` ENABLE KEYS */;
UNLOCK TABLES;

--
-- Table structure for table `groups`
--

DROP TABLE IF EXISTS `groups`;
/*!40101 SET @saved_cs_client     = @@character_set_client */;
/*!40101 SET character_set_client = utf8 */;
CREATE TABLE `groups` (
  `id_group` int(11) NOT NULL AUTO_INCREMENT,
  `name` varchar(30) NOT NULL,
  `created_at` date NOT NULL,
  PRIMARY KEY (`id_group`)
) ENGINE=MyISAM AUTO_INCREMENT=6 DEFAULT CHARSET=utf8;
/*!40101 SET character_set_client = @saved_cs_client */;

--
-- Dumping data for table `groups`
--

LOCK TABLES `groups` WRITE;
/*!40000 ALTER TABLE `groups` DISABLE KEYS */;
INSERT INTO `groups` VALUES (1,'Groupe 1','2012-03-19'),(2,'Groupe 2','2012-03-02');
/*!40000 ALTER TABLE `groups` ENABLE KEYS */;
UNLOCK TABLES;

--
-- Table structure for table `log_email`
--

DROP TABLE IF EXISTS `log_email`;
/*!40101 SET @saved_cs_client     = @@character_set_client */;
/*!40101 SET character_set_client = utf8 */;
CREATE TABLE `log_email` (
  `idMail` varchar(255) NOT NULL,
  `email` varchar(255) NOT NULL,
  `idConfirm` varchar(255) NOT NULL,
  `datePost` datetime NOT NULL,
  PRIMARY KEY (`idMail`)
) ENGINE=MyISAM DEFAULT CHARSET=utf8;
/*!40101 SET character_set_client = @saved_cs_client */;

--
-- Dumping data for table `log_email`
--

LOCK TABLES `log_email` WRITE;
/*!40000 ALTER TABLE `log_email` DISABLE KEYS */;
/*!40000 ALTER TABLE `log_email` ENABLE KEYS */;
UNLOCK TABLES;

--
-- Table structure for table `order_details`
--

DROP TABLE IF EXISTS `order_details`;
/*!40101 SET @saved_cs_client     = @@character_set_client */;
/*!40101 SET character_set_client = utf8 */;
CREATE TABLE `order_details` (
  `id_order` int(11) NOT NULL,
  `id_product` int(11) NOT NULL,
  `amount` tinyint(4) NOT NULL,
  `sauce` varchar(10) DEFAULT NULL COMMENT 'Sauce, si existe.'
) ENGINE=MyISAM DEFAULT CHARSET=utf8;
/*!40101 SET character_set_client = @saved_cs_client */;

--
-- Dumping data for table `order_details`
--

LOCK TABLES `order_details` WRITE;
/*!40000 ALTER TABLE `order_details` DISABLE KEYS */;
INSERT INTO `order_details` VALUES (5,1,1,NULL),(5,1,1,NULL),(5,1,1,NULL);
/*!40000 ALTER TABLE `order_details` ENABLE KEYS */;
UNLOCK TABLES;

--
-- Table structure for table `orders`
--

DROP TABLE IF EXISTS `orders`;
/*!40101 SET @saved_cs_client     = @@character_set_client */;
/*!40101 SET character_set_client = utf8 */;
CREATE TABLE `orders` (
  `id_order` int(11) NOT NULL AUTO_INCREMENT,
  `id_user` int(11) NOT NULL,
  `paid` tinyint(4) NOT NULL,
  `date` date NOT NULL,
  PRIMARY KEY (`id_order`)
) ENGINE=MyISAM AUTO_INCREMENT=6 DEFAULT CHARSET=utf8;
/*!40101 SET character_set_client = @saved_cs_client */;

--
-- Dumping data for table `orders`
--

LOCK TABLES `orders` WRITE;
/*!40000 ALTER TABLE `orders` DISABLE KEYS */;
/*!40000 ALTER TABLE `orders` ENABLE KEYS */;
UNLOCK TABLES;

--
-- Table structure for table `products`
--

DROP TABLE IF EXISTS `products`;
/*!40101 SET @saved_cs_client     = @@character_set_client */;
/*!40101 SET character_set_client = utf8 */;
CREATE TABLE `products` (
  `id_product` int(11) NOT NULL AUTO_INCREMENT,
  `name` varchar(50) NOT NULL,
  `description` text NOT NULL,
  `price` float NOT NULL,
  `id_category` int(11) NOT NULL,
  PRIMARY KEY (`id_product`)
) ENGINE=MyISAM AUTO_INCREMENT=21 DEFAULT CHARSET=utf8;
/*!40101 SET character_set_client = @saved_cs_client */;

--
-- Dumping data for table `products`
--

LOCK TABLES `products` WRITE;
/*!40000 ALTER TABLE `products` DISABLE KEYS */;
INSERT INTO `products` VALUES (7,'pain bouchon','pain bouchon poulet',2,1),(6,'americain','americain jambon',2.5,1),(13,'thon mais','pain thon mais',1.5,6),(14,'fanta','fanta orange',1.5,5),(11,'pain poulet','pain poulet',1.5,6),(12,'coca','coca-cola canette',1,5),(15,'glace baton','glace baton chocolat vanille',2,4),(16,'glace cornet','glace cornet fraise',2,4),(17,'pain au chocolat','petit pain au chocolat',1.3,2),(18,'croissant','petit croissant',1,2),(19,'salade verte','salade verte sans sauce',1,3),(20,'salade de pates','salade de pates et crudités',2,3);
/*!40000 ALTER TABLE `products` ENABLE KEYS */;
UNLOCK TABLES;

--
-- Table structure for table `users`
--

DROP TABLE IF EXISTS `users`;
/*!40101 SET @saved_cs_client     = @@character_set_client */;
/*!40101 SET character_set_client = utf8 */;
CREATE TABLE `users` (
  `id_user` varchar(255) NOT NULL,
  `lastname` varchar(255) NOT NULL,
  `firstname` varchar(255) NOT NULL,
  `email` varchar(255) NOT NULL,
  `id_group` int(11) NOT NULL,
  `id_facebook` varchar(255) NOT NULL,
  `point` int(11) NOT NULL,
  PRIMARY KEY (`id_user`)
) ENGINE=MyISAM DEFAULT CHARSET=utf8;
/*!40101 SET character_set_client = @saved_cs_client */;

--
-- Dumping data for table `users`
--

LOCK TABLES `users` WRITE;
/*!40000 ALTER TABLE `users` DISABLE KEYS */;
INSERT INTO `users` VALUES ('1','RIVIERE','Serge','s.riviere@rt-iut.re',1,'1',0);
/*!40000 ALTER TABLE `users` ENABLE KEYS */;
UNLOCK TABLES;

--
-- Table structure for table `users_authorized`
--

DROP TABLE IF EXISTS `users_authorized`;
/*!40101 SET @saved_cs_client     = @@character_set_client */;
/*!40101 SET character_set_client = utf8 */;
CREATE TABLE `users_authorized` (
  `id_users_authorized` int(255) NOT NULL AUTO_INCREMENT,
  `lastname` varchar(255) NOT NULL,
  `firstname` varchar(255) NOT NULL,
  `email` varchar(255) NOT NULL,
  `status` tinyint(1) NOT NULL DEFAULT '0',
  PRIMARY KEY (`id_users_authorized`)
) ENGINE=InnoDB AUTO_INCREMENT=6 DEFAULT CHARSET=utf8;
/*!40101 SET character_set_client = @saved_cs_client */;

--
-- Dumping data for table `users_authorized`
--

LOCK TABLES `users_authorized` WRITE;
/*!40000 ALTER TABLE `users_authorized` DISABLE KEYS */;
INSERT INTO `users_authorized` VALUES (2,'PANCHBAYA','louqmane','l.panchbaya@rt-iut.re',0),(3,'TOULCANON','loïc','l.toulcanon@rt-iut.re',0),(4,'NANDJAN','clément','c.nandjan@rt-iut.re',0),(5,'PITOY','élodie','e.pitoy@rt-iut.re',0);
/*!40000 ALTER TABLE `users_authorized` ENABLE KEYS */;
UNLOCK TABLES;
/*!40103 SET TIME_ZONE=@OLD_TIME_ZONE */;

/*!40101 SET SQL_MODE=@OLD_SQL_MODE */;
/*!40014 SET FOREIGN_KEY_CHECKS=@OLD_FOREIGN_KEY_CHECKS */;
/*!40014 SET UNIQUE_CHECKS=@OLD_UNIQUE_CHECKS */;
/*!40101 SET CHARACTER_SET_CLIENT=@OLD_CHARACTER_SET_CLIENT */;
/*!40101 SET CHARACTER_SET_RESULTS=@OLD_CHARACTER_SET_RESULTS */;
/*!40101 SET COLLATION_CONNECTION=@OLD_COLLATION_CONNECTION */;
/*!40111 SET SQL_NOTES=@OLD_SQL_NOTES */;

-- Dump completed on 2012-03-20 14:27:07
